{"mean":{"confidence_interval":{"confidence_level":0.95,"lower_bound":-0.016296171590474685,"upper_bound":0.0037188961644113133},"point_estimate":-0.006603646439674149,"standard_error":0.005125695346329593},"median":{"confidence_interval":{"confidence_level":0.95,"lower_bound":-0.01358347975017582,"upper_bound":0.007624472574362162},"point_estimate":-0.0008606512517769227,"standard_error":0.005604413940778031}}