{"mean":{"confidence_interval":{"confidence_level":0.95,"lower_bound":0.04233171744303225,"upper_bound":0.05654387286838025},"point_estimate":0.04935929562573982,"standard_error":0.0035694569377938885},"median":{"confidence_interval":{"confidence_level":0.95,"lower_bound":0.04614371515091853,"upper_bound":0.05903004776041866},"point_estimate":0.05247079643729591,"standard_error":0.003543865323699454}}