{"mean":{"confidence_interval":{"confidence_level":0.95,"lower_bound":475.4629442179766,"upper_bound":485.8246798825029},"point_estimate":480.05252300066337,"standard_error":2.6488258696953406},"median":{"confidence_interval":{"confidence_level":0.95,"lower_bound":467.0906000365876,"upper_bound":470.604399381337},"point_estimate":468.2138603714277,"standard_error":0.981051482134074},"median_abs_dev":{"confidence_interval":{"confidence_level":0.95,"lower_bound":3.2199536380060865,"upper_bound":8.882356324271912},"point_estimate":4.876693373505705,"standard_error":1.6065115978730578},"slope":{"confidence_interval":{"confidence_level":0.95,"lower_bound":475.3736354366224,"upper_bound":483.84082968540577},"point_estimate":479.5116525585775,"standard_error":2.1682701760611605},"std_dev":{"confidence_interval":{"confidence_level":0.95,"lower_bound":15.141965938282983,"upper_bound":39.059119074379424},"point_estimate":26.63343429068697,"standard_error":7.118349381606628}}