{"mean":{"confidence_interval":{"confidence_level":0.95,"lower_bound":0.10261326518577896,"upper_bound":0.15534191856100632},"point_estimate":0.12738520073146398,"standard_error":0.013519658430288625},"median":{"confidence_interval":{"confidence_level":0.95,"lower_bound":0.1266663691995984,"upper_bound":0.17667556075373514},"point_estimate":0.15353635009641087,"standard_error":0.012204682668654498}}