{"mean":{"confidence_interval":{"confidence_level":0.95,"lower_bound":-0.04308700826021836,"upper_bound":-0.03679132924325025},"point_estimate":-0.0398165192848956,"standard_error":0.0016075976548306412},"median":{"confidence_interval":{"confidence_level":0.95,"lower_bound":-0.04208623405024492,"upper_bound":-0.03730483137266827},"point_estimate":-0.03966430909680285,"standard_error":0.0012565878458695762}}