{"mean":{"confidence_interval":{"confidence_level":0.95,"lower_bound":0.02452834686176308,"upper_bound":0.04205827057383472},"point_estimate":0.03295231648084673,"standard_error":0.004531364209246282},"median":{"confidence_interval":{"confidence_level":0.95,"lower_bound":0.008776102012322484,"upper_bound":0.04601285862714244},"point_estimate":0.01261269531463105,"standard_error":0.012368117749243148}}