{"mean":{"confidence_interval":{"confidence_level":0.95,"lower_bound":2591476.9751374996,"upper_bound":2617385.057174999},"point_estimate":2603844.3954999996,"standard_error":6614.193870953557},"median":{"confidence_interval":{"confidence_level":0.95,"lower_bound":2584191.6,"upper_bound":2609487.8},"point_estimate":2597401.825,"standard_error":7281.476859077891},"median_abs_dev":{"confidence_interval":{"confidence_level":0.95,"lower_bound":35794.04051452875,"upper_bound":66489.8274345698},"point_estimate":51425.6109470127,"standard_error":7851.237502154485},"slope":null,"std_dev":{"confidence_interval":{"confidence_level":0.95,"lower_bound":48993.628722373294,"upper_bound":83199.99536783842},"point_estimate":66454.73403575616,"standard_error":8810.732844317321}}