{"mean":{"confidence_interval":{"confidence_level":0.95,"lower_bound":0.006866561155384047,"upper_bound":0.034282943424158205},"point_estimate":0.02004969810885049,"standard_error":0.007131120729742616},"median":{"confidence_interval":{"confidence_level":0.95,"lower_bound":-0.002887880314104807,"upper_bound":0.004607959136858186},"point_estimate":-0.0002432650334766029,"standard_error":0.0019714393141227076}}