{"mean":{"confidence_interval":{"confidence_level":0.95,"lower_bound":0.025625919159203144,"upper_bound":0.09584297158249304},"point_estimate":0.058436336446320514,"standard_error":0.017710436420408118},"median":{"confidence_interval":{"confidence_level":0.95,"lower_bound":-0.03254846955465618,"upper_bound":0.03510918093955917},"point_estimate":-0.014760108653647075,"standard_error":0.017138436403369883}}